{"content_file":"https:\/\/demo.themeisle.com\/hestia-energy-panels\/wp-content\/uploads\/sites\/157\/ti-demo-data\/export.xml","theme_mods":{"show_on_front":"page","custom_css_post_id":-1,"hestia_page_editor":"<p>front page layout<\/p>\t\t\n\t\t\t<h2>Energy is everywhere<\/h2>\t\t\n\t\t\t<p>Build your home, business or warehouse using energy panels.<\/p>\t\t\n\t\t\t<a href=\"#science-matters\" role=\"button\">\n\t\t\t\t\t\tLearn more\n\t\t\t\t\t<\/a>\n\t\t\t<p>we are strong together<\/p>\t\t\n\t\t\t<h3>Our services<\/h3>\t\t\n\t\t<p>Gumbo beet greens corn soko endive gumbo gourd. Parsley shallot courgette tatsoi pea sprouts fava bean collard greens dandelion okra wakame tomato.<\/p>\t\t\n\t\t\t<figure><img width=\"640\" height=\"424\" src=\"https:\/\/demot-vertigostudio.netdna-ssl.com\/hestia-energy-panels\/wp-content\/uploads\/sites\/157\/2018\/07\/charts-computer-data-669615.jpg\" alt=\"\" \/><\/figure><h4>Evaluation<\/h4><p>Turnip greens yarrow ricebean rutabaga endive cauliflower sea lettuce kohlrabi amaranth <\/p>\t\t\n\t\t\t<figure><img width=\"640\" height=\"427\" src=\"https:\/\/demot-vertigostudio.netdna-ssl.com\/hestia-energy-panels\/wp-content\/uploads\/sites\/157\/2018\/07\/adults-computer-discussion-1036641.jpg\" alt=\"\" \/><\/figure><h4>Project<\/h4><p>Celery potato scallion desert raisin horseradish spinach carrot soko.<\/p>\t\t\n\t\t\t<figure><img width=\"640\" height=\"400\" src=\"https:\/\/demot-vertigostudio.netdna-ssl.com\/hestia-energy-panels\/wp-content\/uploads\/sites\/157\/2018\/07\/bucket-building-cleaning-756883.jpg\" alt=\"\" \/><\/figure><h4>Assembly<\/h4><p>Lotus root water spinach fennel kombu maize bamboo shoot green bean swiss chard seakale pumpkin onion chickpea gram corn pea.<\/p>\t\t\n\t\t\t<p>Find out more about types of panels<\/p>\t\t\n\t\t\t<h3>Why energy panels?<\/h3>\t\t\n\t\t<p>Nori grape silver beet broccoli kombu beet greens fava bean potato quandong celery. Bunya nuts black-eyed pea prairie turnip leek lentil turnip greens parsnip. Sea lettuce lettuce water chestnut eggplant winter purslane fennel azuki bean earthnut pea sierra leone bologi leek soko chicory celtuce parsley j\u00edcama salsify.<\/p>\t\t\n\t\t\t\tPoluation\n\t\t\t\tEconomy\n\t\t\t\tIndependency\n\t\t\t<p>Section Subtitle<\/p>\t\t\n\t\t\t<h3>Residence<\/h3>\t\t\n\t\t<p>Veggies es bonus vobis, proinde vos postulo essum magis kohlrabi welsh onion daikon amaranth tatsoi tomatillo melon azuki bean garlic.<\/p>\t\t\n\t\t\t\t\t<ul>\n\t\t\t\t\t\t\t<li>\n\t\t\t\t\t\t\t\t\t\tRoof\n\t\t\t\t\t\t\t\t\t<\/li>\n\t\t\t\t\t\t\t\t<li>\n\t\t\t\t\t\t\t\t\t\tGarden\n\t\t\t\t\t\t\t\t\t<\/li>\n\t\t\t\t\t\t\t\t<li>\n\t\t\t\t\t\t\t\t\t\tWalls\n\t\t\t\t\t\t\t\t\t<\/li>\n\t\t\t\t\t\t\t\t<li>\n\t\t\t\t\t\t\t\t\t\tWater tank\n\t\t\t\t\t\t\t\t\t<\/li>\n\t\t\t\t\t\t<\/ul>\n\t\t\t<a href=\"#why-energy-panels\" role=\"button\">\n\t\t\t\t\t\tcheck designs\n\t\t\t\t\t<\/a>\n\t\t\t<p>Section Subtitle<\/p>\t\t\n\t\t\t<h3>Agricultural<\/h3>\t\t\n\t\t<p>Gumbo beet greens corn soko endive gumbo gourd. Parsley shallot courgette tatsoi pea sprouts fava bean collard greens dandelion okra wakame tomato. Dandelion cucumber earthnut pea peanut soko zucchini.<\/p>\t\t\n\t\t\t<figure><img width=\"800\" height=\"534\" src=\"https:\/\/demot-vertigostudio.netdna-ssl.com\/hestia-energy-panels\/wp-content\/uploads\/sites\/157\/2018\/07\/alternative-alternative-energy-blades-691458.jpg\" alt=\"\" \/><\/figure><h4>Small<\/h4><p>Nori grape silver beet broccoli kombu beet greens fava bean potato quandong celery. <\/p>\t\t\n\t\t\t<figure><img width=\"800\" height=\"532\" src=\"https:\/\/demot-vertigostudio.netdna-ssl.com\/hestia-energy-panels\/wp-content\/uploads\/sites\/157\/2018\/07\/alternative-alternative-energy-blades-687854.jpg\" alt=\"\" \/><\/figure><h4>Medium<\/h4><p>Nori grape silver beet broccoli kombu beet greens fava bean potato quandong celery. <\/p>\t\t\n\t\t\t<figure><img width=\"800\" height=\"533\" src=\"https:\/\/demot-vertigostudio.netdna-ssl.com\/hestia-energy-panels\/wp-content\/uploads\/sites\/157\/2018\/07\/alternative-alternative-energy-clouds-1108814.jpg\" alt=\"\" \/><\/figure><h4>Huge<\/h4><p>Nori grape silver beet broccoli kombu beet greens fava bean potato quandong celery. <\/p>\t\t\n\t\t\t<p>Section Subtitle<\/p>\t\t\n\t\t\t<h3>Science matters<\/h3>\t\t\n\t\t<p>elery quandong swiss chard chicory earthnut pea potato. Salsify taro catsear garlic gram celery bitterleaf wattle seed collard greens nori. Grape wattle seed kombu beetroot horseradish carrot squash brussels sprout chard.<\/p>\t\t\n\t\t\t\t+\n\t\t\t\t50\n\t\t\t\t%\n\t\t\t\t\t\t\trevenue\n\t\t\t\t+\n\t\t\t\t70\n\t\t\t\t%\n\t\t\t\t\t\t\tproductivity\n\t\t\t\t-\n\t\t\t\t45\n\t\t\t\t%\n\t\t\t\t\t\t\tPoluation\n\t\t\t\t\t\t\t\t\t\t<img width=\"750\" height=\"498\" src=\"https:\/\/demot-vertigostudio.netdna-ssl.com\/hestia-energy-panels\/wp-content\/uploads\/sites\/157\/2018\/07\/alternative-alternative-energy-clean-356049-1024x680.jpg\" alt=\"\" \/>\t\t\t\t\t\t\t\t\t\t\t\n\t\t\t<p>what acquisition means<\/p>\t\t\n\t\t\t<h3>Getting funds for pannels<\/h3>\t\t\n\t\t<p>Pea horseradish azuki bean lettuce avocado asparagus okra. Kohlrabi radish okra azuki bean corn fava bean mustard tigernut j\u00edcama green bean celtuce collard greens avocado quandong fennel gumbo black-eyed pea. Grape silver beet watercress potato tigernut corn groundnut. Chickweed okra pea winter purslane coriander yarrow sweet pepper radish garlic brussels sprout groundnut summer purslane earthnut pea tomato spring onion azuki bean gourd.\u00a0<\/p>\t\t\n\t\t\t<a href=\"#work-with-us\" role=\"button\">\n\t\t\t\t\t\tApply now\n\t\t\t\t\t<\/a>\n\t\t\t\t\t\n\t\t\t<p>we can do it<\/p>\t\t\n\t\t\t<h3>Get in touch<\/h3>\t\t\n\t\t\t\t\t\t\t<a href=\"\" target=\"_blank\">\n\t\t\t\t\tFacebook\n\t\t\t\t<\/a>\n\t\t\t\t\t\t\t<a href=\"\" target=\"_blank\">\n\t\t\t\t\tTwitter\n\t\t\t\t<\/a>\n\t\t\t\t\t\t\t<a href=\"\" target=\"_blank\">\n\t\t\t\t\tGoogle-plus\n\t\t\t\t<\/a>\n\t\t<p>Soko radicchio bunya nuts gram dulse silver beet parsnip napa cabbage lotus root sea lettuce brussels sprout cabbage. Catsear cauliflower garbanzo yarrow salsify chicory garlic bell pepper napa cabbage lettuce tomato kale arugula melon sierra leone bologi rutabaga tigernut.<\/p>\t\t\n\t\t\t<h4>Contact us<\/h4>\t\t\n\t\t\t\t\t<ul>\n\t\t\t\t\t\t\t<li>\n\t\t\t\t\t\t\t\t\t\t0722 555 8888\n\t\t\t\t\t\t\t\t\t<\/li>\n\t\t\t\t\t\t\t\t<li>\n\t\t\t\t\t\t\t\t\t\tsmartenergy@solutions.com\n\t\t\t\t\t\t\t\t\t<\/li>\n\t\t\t\t\t\t\t\t<li>\n\t\t\t\t\t<a href=\"smart_energy_solutions\">\t\t\t\t\t\t\n\t\t\t\t\t\t\t\t\t\thello_hive\n\t\t\t\t\t\t\t\t\t\t\t<\/a>\n\t\t\t\t\t\t\t\t\t<\/li>\n\t\t\t\t\t\t<\/ul>\n\t\t\t<h4>Why us<\/h4>\t\t\n\t\t\t\t\t<ul>\n\t\t\t\t\t\t\t<li>\n\t\t\t\t\t\t\t\t\t\tIndividual Services\n\t\t\t\t\t\t\t\t\t<\/li>\n\t\t\t\t\t\t\t\t<li>\n\t\t\t\t\t\t\t\t\t\tCustom offers\n\t\t\t\t\t\t\t\t\t<\/li>\n\t\t\t\t\t\t\t\t<li>\n\t\t\t\t\t\t\t\t\t\tAlmost any brands\n\t\t\t\t\t\t\t\t\t<\/li>\n\t\t\t\t\t\t<\/ul>\n\t\t\t<p>meet our employees<\/p>\t\t\n\t\t\t<h3>Our experts<\/h3>\t\t\n\t\t\t<figure><img width=\"1024\" height=\"683\" src=\"https:\/\/demot-vertigostudio.netdna-ssl.com\/hestia-energy-panels\/wp-content\/uploads\/sites\/157\/2018\/07\/beard-blur-casual-462680.jpg\" alt=\"\" \/><\/figure><h4>John Lunsford<\/h4><p>Co-Founder- CTO<\/p>\t\t\n\t\t<p>An awesome, inspirational figure that leads and sets the tone.<\/p>\t\t\n\t\t\t\t\t\t\t<a href=\"#\" target=\"_blank\">\n\t\t\t\t\tFacebook\n\t\t\t\t<\/a>\n\t\t\t\t\t\t\t<a href=\"#\" target=\"_blank\">\n\t\t\t\t\tTwitter\n\t\t\t\t<\/a>\n\t\t\t\t\t\t\t<a href=\"#\" target=\"_blank\">\n\t\t\t\t\tDribbble\n\t\t\t\t<\/a>\n\t\t\t<figure><img width=\"1024\" height=\"683\" src=\"https:\/\/demot-vertigostudio.netdna-ssl.com\/hestia-energy-panels\/wp-content\/uploads\/sites\/157\/2018\/07\/adult-chill-computer-450271.jpg\" alt=\"\" \/><\/figure><h4>Mike Demong<\/h4><p>Co-Founder- CEO<\/p>\t\t\n\t\t<p>An awesome, inspirational figure that leads and sets the tone.<\/p>\t\t\n\t\t\t\t\t\t\t<a href=\"#\" target=\"_blank\">\n\t\t\t\t\tFacebook\n\t\t\t\t<\/a>\n\t\t\t\t\t\t\t<a href=\"#\" target=\"_blank\">\n\t\t\t\t\tTwitter\n\t\t\t\t<\/a>\n\t\t\t\t\t\t\t<a href=\"#\" target=\"_blank\">\n\t\t\t\t\tDribbble\n\t\t\t\t<\/a>\n\t\t\t<figure><img width=\"1024\" height=\"683\" src=\"https:\/\/demot-vertigostudio.netdna-ssl.com\/hestia-energy-panels\/wp-content\/uploads\/sites\/157\/2018\/07\/adult-aged-blur-834863.jpg\" alt=\"\" \/><\/figure><h4>Harvey  Parkinson<\/h4><p>Co-Founder- CFO<\/p>\t\t\n\t\t<p>An awesome, inspirational figure that leads and sets the tone.<\/p>\t\t\n\t\t\t\t\t\t\t<a href=\"#\" target=\"_blank\">\n\t\t\t\t\tFacebook\n\t\t\t\t<\/a>\n\t\t\t\t\t\t\t<a href=\"#\" target=\"_blank\">\n\t\t\t\t\tTwitter\n\t\t\t\t<\/a>\n\t\t\t\t\t\t\t<a href=\"#\" target=\"_blank\">\n\t\t\t\t\tDribbble\n\t\t\t\t<\/a>\n\t\t\t<p>join the team<\/p>\t\t\n\t\t\t<h3>Work with us<\/h3>\t\t\n\t\t<p>Beetroot water spinach okra water chestnut ricebean pea catsear courgette summer purslane. Water spinach arugula pea tatsoi aubergine spring onion bush tomato kale radicchio turnip chicory salsify pea sprouts fava bean.<\/p>\t\t\n\t\t\t\t\t\t\t\t\t\t<img width=\"1280\" height=\"854\" src=\"https:\/\/demot-vertigostudio.netdna-ssl.com\/hestia-energy-panels\/wp-content\/uploads\/sites\/157\/2018\/07\/adult-agreement-beard-573565.jpg\" alt=\"\" \/>\t\t\t\t\t\t\t\t\t\t\t\n\t\t\t\t\t\t\t\"...Celery quandong swiss chard chicory earthnut pea potato. Salsify taro catsear garlic gram celery bitterleaf wattle seed collard greens nori....\"\n\t\t\t\t\t\t\t<img width=\"150\" height=\"150\" src=\"https:\/\/demot-vertigostudio.netdna-ssl.com\/hestia-energy-panels\/wp-content\/uploads\/sites\/157\/2018\/07\/adult-beard-boy-220453-150x150.jpg\" alt=\"\" \/>\t\t\t\t\t\t\n\t\t\t\t\t\t\t\t\t\t\t\t\tJason Stove","hestia_feature_thumbnail":"","advanced_css_global_css":"","hestia_headings_font":"Montserrat","hestia_body_font":"Montserrat","hestia_header_titles_fs":"{\"desktop\":25,\"tablet\":0,\"mobile\":0}","hestia_post_page_headings_fs":0,"hestia_big_title_fs":0,"__ti_import_menus_location":{"primary":"primary-menu","footer":"social-menu"}},"widgets":{"sidebar-1":{"search-3":{"title":"Search"},"recent-posts-3":{"title":"Recent Posts","number":5,"show_date":false},"categories-3":{"title":"Categories","count":1,"hierarchical":1,"dropdown":0}}},"recommended_plugins":{"elementor":"Elementor Page Builder","themeisle-companion":"Orbit Fox by ThemeIsle"},"front_page":{"front_page":"energy-demo-front","blog_page":"energy-demo-blog"},"shop_pages":null}