{"../hestia/archive.php":"7e78defdfedfaddb18473a69beddede6","../hestia/attachment.php":"cbdac7c3ba6ee0d989a11b6aa0560983","../hestia/comments.php":"3c3f0fa59e6333dd5efcbfdb6227a89d","../hestia/footer.php":"e9fb477c62d82f8057e2824f48d8f906","../hestia/front-page.php":"91f00acb8c621da7091644b398689576","../hestia/functions.php":"cf746218de6038c58f86453619025718","../hestia/header.php":"a99d0da40a0c3bf16908f6609318f136","../hestia/index.php":"ea11fa98d9f8cbca27ca4a65b37293de","../hestia/page.php":"4db523c06286fc2515ea526388b82b89","../hestia/search.php":"4b7fa7a2c3a8681b99517b6076b329f3","../hestia/sidebar-woocommerce.php":"39dea8c8ef59dfb4b97e3a8eecbba4dc","../hestia/sidebar.php":"825c538768ee182d8bd814800285f435","../hestia/single-jetpack-portfolio.php":"878ce57be8e2d8f65ed8fcea4447d020","../hestia/single.php":"ef1cbb4b610c48a70e592039aa888b5a","../hestia/editor-style.css":"194ac01448a57b7dcfbff09f9d1f1647","../hestia/editor-style.min.css":"733e379b159ab5aa2bb838337cb16af5","../hestia/style-rtl.css":"3d4b08080bba2c09a52c7f20fd75cfdd","../hestia/style-rtl.min.css":"abb6ab4c81428e2e2cd38fb898187e18","../hestia/style.css":"614e1bb79fc06a07d020fc54f4fb11f8","../hestia/style.min.css":"7a35aeaccad5ce53ca807d4d68177612"}