{
  "theme_mods": {
    "show_on_front": "page",
    "custom_css_post_id": 95,
    "hestia_page_editor": "<p>Hi, meet your friend<\/p>\t\t\n\t\t\t<h2>Medical center for pets<\/h2>\t\t\n\t\t<p>Step on your keyboard while you're gaming and then turn in a circle\u00a0destroy couch\u00a0climb a tree<\/p>\t\t\n\t\thttps:\/\/www.youtube.com\/watch?v=ok7UVREw5JI\t\t\n\t\t\t<p>we are using modern equipment<\/p>\t\t\n\t\t\t\t\t\t\t\t\t\t<img width=\"148\" height=\"24\" src=\"https:\/\/demot-vertigostudio.netdna-ssl.com\/hestia-vet-center\/wp-content\/uploads\/sites\/156\/2018\/07\/stars-1.png\" alt=\"\" \/>\t\t\t\t\t\t\t\t\t\t\t\n\t\t\t<h3>Our equipment is amazing, and for a good reason.<\/h3>\t\t\n\t\t<p>Have a lot of grump in yourself because you can't forget to be grumpy and not be like king grumpy cat\u00a0eat all the power cordsso\u00a0mrow\u00a0cat ass trophy\u00a0for\u00a0cat ass trophy\u00a0sit in box\u00a0hiss and stare at nothing then run suddenly away.<\/p>\t\t\n\t\t\t<p>Our employees love pets<\/p>\t\t\n\t\t\t<h3>We treat them with love<\/h3>\t\t\n\t\t<p>Run in circles\u00a0eat an easter feather as if it were a bird then burp victoriously, but tender\u00a0yet chase mice<\/p>\t\t\n\t\t\t<h3>Diagnostic<\/h3><p>Sniff other cat's butt and hang jaw half open thereafter try to hold own back foot<\/p>\t\t\n\t\t\t<h3>Surgery<\/h3><p>to clean it but foot reflexively kicks you in face, go into a rage and bite own foot<\/p>\t\t\n\t\t\t<h3>Recovery<\/h3><p>hard yet give me attention or face the wrath of my claws eat a rug and furry furry hairs everywhere<\/p>\t\t\n\t\t\t<a href=\"#\" role=\"button\">\n\t\t\t\t\t\tour services\n\t\t\t\t\t<\/a>\n\t\t\t<p>our clients are happy<\/p>\t\t\n\t\t\t<h3>Customer Reviews<\/h3>\t\t\n\t\t<p>Stand with legs in litter box, but poop outside\u00a0chase ball of string\u00a0nap all day\u00a0or\u00a0somehow manage to catch a bird but have no idea what to do next, so play with it until it dies of shock.<\/p>\t\t\n\t\t\t\t\t\t\t\"...Gumbo beet greens corn soko endive gumbo gourd. Dandelion cucumber earthnut pea peanut soko zucchini.....\"\n\t\t\t\t\t\t\t<img width=\"150\" height=\"150\" src=\"https:\/\/demot-vertigostudio.netdna-ssl.com\/hestia-vet-center\/wp-content\/uploads\/sites\/156\/2018\/07\/adult-attractive-beautiful-415829-150x150.jpg\" alt=\"\" \/>\t\t\t\t\t\t\n\t\t\t\t\t\t\t\t\t\t\t\t\tMelisa Dawshon\n\t\t\t\t\t\t\t\t\t\t\t\t\t\t\t\t\t\t\tContent Writer\n\t\t\t\t\t\t\t\"...Parsley shallot courgette tatsoi pea sprouts fava bean collard greens dandelion okra wakame tomato....\"\n\t\t\t\t\t\t\t<img width=\"150\" height=\"150\" src=\"https:\/\/demot-vertigostudio.netdna-ssl.com\/hestia-vet-center\/wp-content\/uploads\/sites\/156\/2018\/07\/black-and-white-fun-happy-91227-150x150.jpg\" alt=\"\" \/>\t\t\t\t\t\t\n\t\t\t\t\t\t\t\t\t\t\t\t\tJohn Spencer\n\t\t\t\t\t\t\t\t\t\t\t\t\t\t\t\t\t\t\tJurnalist\n\t\t\t<p>we have opened 24\/7<\/p>\t\t\n\t\t\t<h3>Call us anytime<\/h3>\t\t\n\t\t<p>We can help you with emergency even during the night or weekends.<\/p>\t\t\n\t\t\t<a href=\"#\" role=\"button\">\n\t\t\t\t\t\tsee schedule\n\t\t\t\t\t<\/a>\n\t\t\t<p>extra services<\/p>\t\t\n\t\t\t<h3>Need a vacation? <br>Bring your friend here<\/h3>\t\t\n\t\t<p>I show my fluffy belly but it's a trap! if you pet it i will tear up your hand\u00a0i like frogs and 0 gravity\u00a0grab pompom in mouth and put in water dish\u00a0yet\u00a0ooh, are those your $250 dollar sandals?<\/p>\t\t\n\t\t\t<h4>Pet Hotel<\/h4>\t\t\n\t\t<p>Pee in human's bed until he cleans the litter box\u00a0chew iPad power cord\u00a0sit in window and stare oooh, a bird, yum\u00a0so\u00a0scoot butt on the rug\u00a0yet\u00a0lick butt and make a weird facebut\u00a0kitty ipsum dolor sit amet<\/p>\t\t\n\t\t\t<h4>Wellness counceling<\/h4>\t\t\n\t\t<p>Meow and walk away\u00a0open the door, let me out, let me out, let me-out, let me-aow, let meaow, meaow!\u00a0yet stretch, so\u00a0twitch tail in permanent irritation\u00a0sun bathe, and\u00a0stare at the wall<\/p>\t\t\n\t\t\t<a href=\"#\" role=\"button\">\n\t\t\t\t\t\ta nice action\n\t\t\t\t\t<\/a>\n\t\t\t<p>A section to highlight more features<\/p>\t\t\n\t\t\t<h3>Why our clinic<\/h3>\t\t\n\t\t\t\t\t<ul>\n\t\t\t\t\t\t\t<li>\n\t\t\t\t\t\t\t\t\t\tPremium equipment\n\t\t\t\t\t\t\t\t\t<\/li>\n\t\t\t\t\t\t\t\t<li>\n\t\t\t\t\t\t\t\t\t\tSkilled doctors\n\t\t\t\t\t\t\t\t\t<\/li>\n\t\t\t\t\t\t\t\t<li>\n\t\t\t\t\t\t\t\t\t\tRecovery\n\t\t\t\t\t\t\t\t\t<\/li>\n\t\t\t\t\t\t\t\t<li>\n\t\t\t\t\t\t\t\t\t\tPet Hotel\n\t\t\t\t\t\t\t\t\t<\/li>\n\t\t\t\t\t\t<\/ul>\n\t\t\t<p>Hey you<\/p>\t\t\n\t\t\t<h3>About us<\/h3>\t\t\n\t\t\t\t65\n\t\t\t\t%\n\t\t\t\t\t\t\tpositive reviews\n\t\t\t<p>our services<\/p>\t\t\n\t\t\t<h3>Get notified when we have new type of services and equipment.<\/h3>\t\t\n\t\t<p>Find us on social networks.<\/p>\t\t\n\t\t\t\t\t\t\t<a href=\"\" target=\"_blank\">\n\t\t\t\t\tFacebook\n\t\t\t\t<\/a>\n\t\t\t\t\t\t\t<a href=\"\" target=\"_blank\">\n\t\t\t\t\tTwitter\n\t\t\t\t<\/a>\n\t\t\t\t\t\t\t<a href=\"\" target=\"_blank\">\n\t\t\t\t\tGoogle-plus\n\t\t\t\t<\/a>\n\t\t\t<p>our newsletter<\/p>\t\t\n\t\t\t<h3>Sign up for updates<\/h3>",
    "hestia_feature_thumbnail": "https:\/\/demot-vertigostudio.netdna-ssl.com\/hestia-vet-center\/wp-content\/themes\/hestia\/assets\/img\/contact.jpg",
    "advanced_css_global_css": "",
    "accent_color": "#67b3a3",
    "hestia_top_bar_hide": false,
    "hestia_header_gradient_color": "#7c5e92",
    "hestia_blog_sidebar_layout": "full-width",
    "__ti_import_menus_location": {
      "primary": "primary-menu",
      "footer": "primary-menu",
      "top-bar-menu": "very-top-bar"
    }
  },
  "widgets": {
    "sidebar-top-bar": {
      "text-2": {
        "title": "",
        "text": "<i class=\"fa fa-clock-o\" style=\"margin-right: 3px\"><\/i>Opened 24\/7",
        "filter": true,
        "visual": true
      }
    }
  },
  "recommended_plugins": {
    "elementor": "Elementor Page Builder",
    "themeisle-companion": "Orbit Fox by ThemeIsle",
    "pirate-forms": "Contact Form &amp; SMTP Plugin for WordPress by PirateForms"
  },
  "front_page": {
    "front_page": "vet-medical-demo-front",
    "blog_page": "vet-medical-demo-blog"
  },
  "shop_pages": null
}